{"partialSillHeight": 2.2708333333333335, "transomHeight": 8.1458333333333339, "configDate": "9-21-2017", "projectName": "Property Name", "isFramed": 1, "profiles": {"3D": {"Sill": {"SymbolId": 9596931, "Width": 0.14583333333333331, "Depth": 0.375}, "Post_Receiver": {"SymbolId": 9596948, "Width": 0.375, "Depth": 0.375}, "transomProfileLabel": {"SymbolId": 9596931, "Width": 0.14583333333333331, "Depth": 0.375}, "Sill_2": {"SymbolId": 9596931, "Width": 0.14583333333333331, "Depth": 0.375}, "headProfileLabel": {"SymbolId": 9596930, "Width": 0.14583333333333331, "Depth": 0.375}, "sillProfileLabel": {"SymbolId": 9596931, "Width": 0.14583333333333331, "Depth": 0.375}, "DeflectionHead_2": {"SymbolId": 9596930, "Width": 0.14583333333333331, "Depth": 0.375}, "Post_Power": {"SymbolId": 9596948, "Width": 0.375, "Depth": 0.375}, "Post": {"SymbolId": 9596948, "Width": 0.375, "Depth": 0.375}, "DoorFrame": {"SymbolId": 9596930, "Width": 0.14583333333333331, "Depth": 0.375}, "OneBy": {"SymbolId": 9596930, "Width": 0.14583333333333331, "Depth": 0.375}, "OneBy_Deflection": {"SymbolId": 9596930, "Width": 0.14583333333333331, "Depth": 0.375}, "sillIntermediateProfileLabel": {"SymbolId": 9596931, "Width": 0.14583333333333331, "Depth": 0.375}, "DeflectionHead": {"SymbolId": 9596930, "Width": 0.14583333333333331, "Depth": 0.375}}, "2D": {"OneBy_Deflection": {"SymbolId": 9495091, "Width": 0.14583333333333331, "Depth": 0.375}, "OneBy": {"SymbolId": 9495091, "Width": 0.14583333333333331, "Depth": 0.375}, "DeflectionHead_2": {"SymbolId": 9495091, "Width": 0.14583333333333331, "Depth": 0.375}, "Sill_Intermediate": {"SymbolId": 9495093, "Width": 0.14583333333333331, "Depth": 0.375}, "Sill": {"SymbolId": 9495093, "Width": 0.14583333333333331, "Depth": 0.375}, "Post_Power": {"SymbolId": 9495092, "Width": 0.375, "Depth": 0.375}, "Post_Receiver": {"SymbolId": 9495092, "Width": 0.375, "Depth": 0.375}, "Post": {"SymbolId": 9495092, "Width": 0.375, "Depth": 0.375}, "DeflectionHead": {"SymbolId": 9495091, "Width": 0.14583333333333331, "Depth": 0.375}, "DoorFrame": {"SymbolId": 9495091, "Width": 0.14583333333333331, "Depth": 0.375}}}, "selectedSyste": "JEB - UK", "projectId": 1218, "families": {"Solid Center Panel": {"Types": {"Solid Center Panel": 8011714}, "Symbol": 8011714}, "Glazed Center Panel": {"Types": {"Glazed Center Panel": 8011261}, "Symbol": 8011261}, "Fabrication-Error-Symbol": {"Types": {"Fabrication-Error-Symbol": 8012110}, "Symbol": 8012110}, "Extraction-Desk-Symbol": {"Types": {"Extraction-Desk-Symbol": 8012470}, "Symbol": 8012470}, "Extraction-Door-Symbol": {"Types": {"Extraction-Door-Symbol": 8012828}, "Symbol": 8012828}, "Empty Panel": {"Types": {"Empty Panel": 8010821}, "Symbol": 8010821}, "I-Profile-Storefront-Mullion": {"Types": {"Extravega_DeflectionHead-2": 8010366, "JEB_Sill-Partial": 8010406, "JEB_Intermediate": 8010400, "Elite_Intermediate": 8010360, "Elite_OneBy": 8010354, "JEB_Sill-Post": 8010392, "Extravega_DeflectionHead-1": 8010362, "Elite_Post": 8010356, "Extravega_OneBy-Deflection": 8010370, "JEB_OneBy-CableTray": 8010386, "JEB_Post": 8010388, "JEB_WallStart": 8010398, "Extravega_Post-Receiver": 8010376, "Elite_Sill": 8010358, "Extravega_Sill-Power": 8010408, "Extravega_DoorFrame": 8010368, "Extravega_WallStart": 8010396, "Extravega_Post": 8010372, "JEB_DeflectionHead-2": 8010380, "JEB_OneBy": 8010384, "Extravega_Post-Power": 8010374, "Elite_DoorFrame": 8010402, "JEB_DoorFrame": 8010404, "Elite_WallStart": 8010394, "JEB_DeflectionHead-1": 8010378, "JEB_Sill": 8010390, "Extravega_OneBy": 8010364, "JEB_HJoiner": 8010382}, "Symbol": 8010354}}, "selectedSystem": "Elite", "oneByWidth": 0.14583333333333334, "spacingType": 0, "headHeight": 8.1458333333333339, "currentSystem": "Elite", "isSegmented": 1, "postWidth": 0.375, "storefrontPaneWidth": 4.145833333333333, "deflectionHeadType": 0, "fullSillHeight": 0.0, "splitOffset": "Fixed - 6 Inches", "lowerInfill": 0, "splitWallType": "Basic Wall - I-GYP"}
